{"Negative particle surface concentration [mol.m-3]": [[19986.609595075, 19962.461178272344], [19986.609595075, 19962.355446291465], [19986.609595075, 19962.10672640712], [19986.609595075, 19961.71360365161], [19986.609595075, 19961.17374945452], [19986.609595075, 19960.48389497302], [19986.609595075, 19959.63978361711], [19986.609595075, 19958.636094586414], [19986.609595075, 19957.466325121626], [19986.609595075, 19956.12261387157], [19986.609595075, 19954.595481471995], [19986.609595075, 19952.873457762038], [19986.609595075, 19950.942559252566], [19986.609595075, 19948.78557727399], [19986.609595075, 19946.381138684104], [19986.609595075, 19943.70250878016], [19986.609595075, 19940.716120859644], [19986.609595075, 19937.37983823964], [19986.609595075, 19933.640980928212], [19986.609595075, 19929.43417797104]], "Electrolyte concentration [mol.m-3]": [[1000.0, 1003.6135085250302], [1000.0, 1003.6331873956717], [1000.0, 1003.6728534004849], [1000.0, 1003.7327303280679], [1000.0, 1003.8128830839004], [1000.0, 1003.9130837797053], [1000.0, 1004.0325929009076], [1000.0, 1004.1698217249982], [1000.0, 1004.3218363096838], [1000.0, 1004.483663553362], [1000.0, 1004.6473704752485], [1000.0, 1004.8009127531935], [1000.0, 1004.9267880967644], [1000.0, 1005.0005784242662], [1000.0, 1004.9895097393182], [1000.0, 1004.8511860370805], [1000.0, 1004.5326561309483], [1000.0, 1003.9699520901719], [1000.0, 1003.0881960983237], [1000.0, 1001.802301226161], [1000.0, 1000.8730890636764], [1000.0, 1000.8012584177106], [1000.0, 1000.7308088582325], [1000.0, 1000.6616616595054], [1000.0, 1000.5937371922067], [1000.0, 1000.5269550403866], [1000.0, 1000.4612341201827], [1000.0, 1000.3964927998601], [1000.0, 1000.3326490207573], [1000.0, 1000.2696204187014], [1000.0, 1000.2073244454716], [1000.0, 1000.1456784898973], [1000.0, 1000.0845999981611], [1000.0, 1000.0240065929161], [1000.0, 999.9638161907965], [1000.0, 999.9039471179314], [1000.0, 999.8443182230566], [1000.0, 999.7848489878353], [1000.0, 999.7254596340072], [1000.0, 999.6660712269919], [1000.0, 998.9128878020821], [1000.0, 997.7984828478295], [1000.0, 996.9602290507408], [1000.0, 996.3454116360971], [1000.0, 995.9067944480427], [1000.0, 995.6033935476295], [1000.0, 995.4008062493059], [1000.0, 995.2711126102618], [1000.0, 995.1924189895926], [1000.0, 995.1481437360466], [1000.0, 995.1261581170158], [1000.0, 995.1178921382229], [1000.0, 995.1174951460298], [1000.0, 995.1211104990205], [1000.0, 995.1262911765082], [1000.0, 995.1315567053465], [1000.0, 995.1360748677773], [1000.0, 995.1394440448612], [1000.0, 995.141551347076], [1000.0, 995.1424850519862]], "Positive particle surface concentration [mol.m-3]": [[30730.7554385565, 30771.149431314054], [30730.7554385565, 30770.75871669099], [30730.7554385565, 30770.404071683497], [30730.7554385565, 30770.081277634657], [30730.7554385565, 30769.7870838167], [30730.7554385565, 30769.5190315316], [30730.7554385565, 30769.275292624276], [30730.7554385565, 30769.05452747711], [30730.7554385565, 30768.855765249424], [30730.7554385565, 30768.678306930226], [30730.7554385565, 30768.521649943574], [30730.7554385565, 30768.385431760442], [30730.7554385565, 30768.26938928568], [30730.7554385565, 30768.173330654023], [30730.7554385565, 30768.09711633282], [30730.7554385565, 30768.040646923702], [30730.7554385565, 30768.00385562326], [30730.7554385565, 30767.98670384148], [30730.7554385565, 30767.98917892715], [30730.7554385565, 30768.01129329802]], "Current [A]": [0.680616, 0.680616], "Negative electrode potential [V]": [[-1.2909944489257814e-06, -1.2909944489399637e-06], [-3.783778917424969e-06, -3.782315157896419e-06], [-6.1869461162506294e-06, -6.182589826970193e-06], [-8.499528641475903e-06, -8.490925188695138e-06], [-1.0719998522113723e-05, -1.0705907424944667e-05], [-1.2846257736811104e-05, -1.2825593551156233e-05], [-1.4875625190272076e-05, -1.4847499033394815e-05], [-1.6804820066306644e-05, -1.6768581185151426e-05], [-1.8629941451064412e-05, -1.858521766457549e-05], [-2.0346444095820344e-05, -2.0293179097983985e-05], [-2.1949110163424243e-05, -2.18875944923852e-05], [-2.343201677597169e-05, -2.33629076867222e-05], [-2.4788499153141872e-05, -2.47128226710606e-05], [-2.6011109100683768e-05, -2.5930235241942497e-05], [-2.709156857637934e-05, -2.7007148241571736e-05], [-2.802071802608239e-05, -2.793456762193566e-05], [-2.8788459144667934e-05, -2.87023768244397e-05], [-2.9383691675392352e-05, -2.9299187469244655e-05], [-2.9794243815616185e-05, -2.9712165064393245e-05], [-3.000679574630948e-05, -2.9926829293542404e-05]], "Electrolyte potential [V]": [[-0.1768077602087915, -0.17687991521678578], [-0.17681791278303763, -0.17688958354499676], [-0.17683826491789642, -0.1769089530049975], [-0.17686892671597446, -0.17693811765035086], [-0.17691007207938628, -0.1769772357886533], [-0.17696193978907268, -0.17702653531890108], [-0.1770248349870456, -0.17708632226328808], [-0.17709913107101863, -0.1771569936479228], [-0.17718527201353634, -0.1772390561044423], [-0.17728377512047122, -0.17733315159492474], [-0.177395234246629, -0.17744009136416206], [-0.17752032348922792, -0.17756089847534126], [-0.17765980138321438, -0.1776968580764245], [-0.17781451562579006, -0.1778495730648858], [-0.17798540836118296, -0.1780210214678881], [-0.1781735220606493, -0.17821361108522502], [-0.17838000603698995, -0.17843022698306255], [-0.17860612363756953, -0.17867426819115312], [-0.17885326016501155, -0.17894967138531023], [-0.17912293158049222, -0.179260921660297], [-0.17917477156567235, -0.17934310997756273], [-0.17918684319846426, -0.17935752795018092], [-0.17919891483125608, -0.17937190113660859], [-0.17921098646404793, -0.1793862320981668], [-0.1792230580968398, -0.17940052342684368], [-0.17923512972963165, -0.1794147777414496], [-0.1792472013624235, -0.1794289976837142], [-0.17925927299521538, -0.1794431859143399], [-0.17927134462800723, -0.17945734510902597], [-0.17928341626079908, -0.17947147795447707], [-0.17929548789359095, -0.17948558714441015], [-0.1793075595263828, -0.1794996753755743], [-0.17931963115917465, -0.1795137453437959], [-0.1793317027919665, -0.1795277997400641], [-0.17934377442475838, -0.17954184124666828], [-0.17935584605755023, -0.17955587253340227], [-0.17936791769034208, -0.17956989625384717], [-0.17937998932313393, -0.1795839150417463], [-0.17939206095592578, -0.17959793150748468], [-0.17940413258871762, -0.17961194823468485], [-0.17945597257389775, -0.1796884662974807], [-0.1797343219553151, -0.18000340822232047], [-0.1799972947173828, -0.18029397617318452], [-0.1802450185063669, -0.18056199989724642], [-0.18047761228648143, -0.18080913101131624], [-0.180695186470304, -0.18103681416049996], [-0.18089784303863818, -0.18124627375804886], [-0.18108567565021763, -0.18143851558959007], [-0.18125876974161176, -0.18161434080129754], [-0.18141720261765582, -0.18177436879815798], [-0.18156104353269653, -0.18191906518141213], [-0.18169035376291226, -0.18204877100825428], [-0.18180518666993647, -0.18216373034344444], [-0.18190558775598475, -0.18226411410739338], [-0.18199159471065796, -0.1823500393107688], [-0.1820632374495669, -0.18242158364865957], [-0.18212053814489865, -0.18247879599057867], [-0.18216351124801852, -0.18252170355651529], [-0.18219216350417797, -0.18255031659431634], [-0.1822064939593725, -0.1825646312639075]],